fold,mae,IC,best_iter
1,0.03782229824077671,0.08843497391973029,105
2,0.037537399535201695,0.10297230259289879,345
3,0.040307457052228754,0.11703165650140136,233
4,0.037987763492950744,0.09581063501170377,235
5,0.040036515083814436,0.12402631175384228,251
